no,product_name,rating,comment,link
1,Newchoice Womens Collared V Neck 3/4 Sleeve Shirts Business Casual Tops Loose Work Blouses,4,"This is a very cute top, it has nice material, it is soft and very comfy. I love the vneck and I agree with another person's review the collar makes it look a bit Matronly. It is a medium weight and a good amount of stretch. I ordered the size XXL (I'm a 37 in bust) and right now, that is my normal size, sometimes I can fit in a 1x. It is very accurate with the chest measurements with a tad extra material around the armpit/chest area. Not too much but I may be able to go one size smaller as I do not have a broad shoulders, I do have larger upper arms and it fits very comfortable in that area. Because of the stretch it does fit a bit roomy but it falls nicely so you don't notice it too much. I find I have to pull it down on and off as it rides up a tad in the back, but since I have a generous booty that may be the reason why. Either way I'm still very comfortable in it.",https://www.amazon.com/Newchoice-Business-Fitting-Elegant-Blouses/dp/B09KXJ9WRP/ref=sr_1_1_sspa?qid=1699189557&rnid=7141123011&s=fashion-womens-intl-ship&sr=1-1-spons&sp_csd=d2lkZ2V0TmFtZT1zcF9hdGZfYnJvd3Nl&th=1&psc=1
2,Newchoice Womens Collared V Neck 3/4 Sleeve Shirts Business Casual Tops Loose Work Blouses,5,This shirt is true to size and very comfortable to wear. It is one of my favorite shirts.,https://www.amazon.com/Newchoice-Business-Fitting-Elegant-Blouses/dp/B09KXJ9WRP/ref=sr_1_1_sspa?qid=1699189557&rnid=7141123011&s=fashion-womens-intl-ship&sr=1-1-spons&sp_csd=d2lkZ2V0TmFtZT1zcF9hdGZfYnJvd3Nl&th=1&psc=1
3,MIROL Women's Short Sleeve Tunic Tops 2023 Basic Loose T Shirts Solid Color Batwing Cap Sleeve Casual Tee,5,This is one of my favorite go-to shirts. It fits great and is very comfortable. Looks great with leggings or jeans.,https://www.amazon.com/MIROL-Womens-Sleeve-Shirts-Batwing/dp/B09M6GYVR5/ref=sr_1_3_sspa?qid=1699190763&refinements=p_72%3A2661621011&rnid=2661617011&s=fashion-womens-intl-ship&sr=1-3-spons&sp_csd=d2lkZ2V0TmFtZT1zcF9hdGZfYnJvd3Nl&th=1&psc=1
4,MIROL Women's Short Sleeve Tunic Tops 2023 Basic Loose T Shirts Solid Color Batwing Cap Sleeve Casual Tee,4,Was what I expected and fit well.,https://www.amazon.com/MIROL-Womens-Sleeve-Shirts-Batwing/dp/B09M6GYVR5/ref=sr_1_3_sspa?qid=1699190763&refinements=p_72%3A2661621011&rnid=2661617011&s=fashion-womens-intl-ship&sr=1-3-spons&sp_csd=d2lkZ2V0TmFtZT1zcF9hdGZfYnJvd3Nl&th=1&psc=2
5,Trendy Queen Womens Long Sleeve Shirts Fall Fashion 2023 Crop Tops Basic Layering Workout Slim Fitted Y2K Tops,1,This shirt has given me an awful underarm rash that lasted for weeks. I tried to wash the shirt and wear it again once the rash healed but I just got the rash came back full force again. i am in so much pain from this shirt and have to see my doctor over it,https://www.amazon.com/Trendy-Queen-Fashion-Layering-Workout/dp/B0BW92334B/ref=cm_cr_arp_d_product_top?ie=UTF8
6,Trendy Queen Womens Long Sleeve Shirts Fall Fashion 2023 Crop Tops Basic Layering Workout Slim Fitted Y2K Tops,2,"the material for this shirt is very nice however, when I received this shirt expecting it to be navy blue it is not what it looked like. this color is pine green and not the blue that is advertised. Kind of disappointed because i needed this for a game day and I am very disappointed.",https://www.amazon.com/Trendy-Queen-Fashion-Layering-Workout/dp/B0BW92334B/ref=cm_cr_arp_d_product_top?ie=UTF8
7,AUTOMET Womens Long Sleeve Round Neck Shirts Basic Tee,5,The quality of this tee is so good for the price. I am hesitant about buying long sleeve tees without the band because I have short arms and I hate shirts hanging off my hands. This tee fits perfectly. I am 5’2 and weigh about 130-135. Fits great!,https://www.amazon.com/AUTOMET-Womens-Sleeve-Round-Shirts/dp/B0CGV2WJJQ/ref=cm_cr_arp_d_product_top?ie=UTF8
8,AUTOMET Womens Long Sleeve Round Neck Shirts Basic Tee,4,"This top is great for some; just not for me. Was under the impression it was cotton, but alas, it was not. I knew it would be too warm for me. Still, I would recommend it to someone who does not mind a poly blend. Pretty color and nice fit",https://www.amazon.com/AUTOMET-Womens-Sleeve-Round-Shirts/dp/B0CGV2WJJQ/ref=cm_cr_arp_d_product_top?ie=UTF8
9,MANGOPOP Womens Short Sleeve Long Sleeve Square Neck T Shirts Tops Tees,5,"I love the square neck (if you need to wear a scarf as it’s getting cold) this neckline makes that really easy. It washes well, and is very soft. Sleeves are adjustable. I’m buying another one — great to dress up with a jacket or wear it to a casual evening.",https://www.amazon.com/MANGOPOP-Womens-Sleeve-Square-Shirts/dp/B08H4RFVQD/ref=sr_1_27?qid=1699190763&refinements=p_72%3A2661621011&rnid=2661617011&s=fashion-womens-intl-ship&sr=1-27&th=1
10,MANGOPOP Womens Short Sleeve Long Sleeve Square Neck T Shirts Tops Tees,4,I bought an XL. Fits perfect. The shirt looks cute. It’s lightweight feels super soft. The only thing the material is sheer for being white.,https://www.amazon.com/MANGOPOP-Womens-Sleeve-Square-Shirts/dp/B08H4RFVQD/ref=sr_1_27?qid=1699190763&refinements=p_72%3A2661621011&rnid=2661617011&s=fashion-womens-intl-ship&sr=1-27&th=1
11,Ekouaer Womens Silk Satin Tank Tops V Neck Casual Cami Sleeveless Camisole Blouses Summer Basic Tank Shirt,4,Great looking tank top. Perfect compliment for slacks and a blazer. Many colors to choose from. I bought one and liked it so much that I bought another. Iron with a very warm iron.,https://www.amazon.com/Ekouaer-Womens-Camisole-Sleeveless-T-Shirt/dp/B0BFPXJ2YD/ref=sr_1_30?qid=1699190763&refinements=p_72%3A2661621011&rnid=2661617011&s=fashion-womens-intl-ship&sr=1-30
12,Ekouaer Womens Silk Satin Tank Tops V Neck Casual Cami Sleeveless Camisole Blouses Summer Basic Tank Shirt,4,Good quality. Fits smaller than expected,https://www.amazon.com/Ekouaer-Womens-Camisole-Sleeveless-T-Shirt/dp/B0BFPXJ2YD/ref=sr_1_30?qid=1699190763&refinements=p_72%3A2661621011&rnid=2661617011&s=fashion-womens-intl-ship&sr=1-31
13,Women's Cotton Basic Scoop Neck Crop Top Short Sleeve Tops,5,This top is so cute I’ll definitely get them in different colors,https://www.amazon.com/HATOPANTS-Womens-Cotton-Basic-Sleeve/dp/B0746T31T6/ref=sr_1_59?qid=1699190763&refinements=p_72%3A2661621011&rnid=2661617011&s=fashion-womens-intl-ship&sr=1-59&th=1
14,Women's Cotton Basic Scoop Neck Crop Top Short Sleeve Tops,5,Color is vibrant. Fits true to size. Soft and comfortable,https://www.amazon.com/HATOPANTS-Womens-Cotton-Basic-Sleeve/dp/B0746T31T6/ref=sr_1_59?qid=1699190763&refinements=p_72%3A2661621011&rnid=2661617011&s=fashion-womens-intl-ship&sr=1-59&th=2
15,Gemolly Women's Basic Button Down Shirts Long Sleeve Plus Size Simple Stretch Formal Casual Shirt Blouse,5,I loved this blouse so much I bought another one in a different color. Very attractive look,https://www.amazon.com/Gemolly-Womens-Button-Shirts-Stretch/dp/B07RRXHKZX/ref=sr_1_57?qid=1699192352&refinements=p_72%3A2661621011&rnid=2661617011&s=fashion-womens-intl-ship&sr=1-57
16,Gemolly Women's Basic Button Down Shirts Long Sleeve Plus Size Simple Stretch Formal Casual Shirt Blouse,4,"I love the material and stretch, but it just runs too small and it doesn't come bigger. Not for wider backs or full boobs.",https://www.amazon.com/Gemolly-Womens-Button-Shirts-Stretch/dp/B07RRXHKZX/ref=sr_1_57?qid=1699192352&refinements=p_72%3A2661621011&rnid=2661617011&s=fashion-womens-intl-ship&sr=1-57
17,BORIFLORS Women's Sexy Tie Up Crop Top Short Sleeve Deep V Neck Casual Basic T Shirt,3,"This was actually bigger than I expected, giving more coverage than I wanted.",https://www.amazon.com/BORIFLORS-Womens-Short-Sleeve-Casual/dp/B07PZT29XM/ref=sr_1_68?qid=1699192695&s=fashion-womens-intl-ship&sr=1-68
18,BORIFLORS Women's Sexy Tie Up Crop Top Short Sleeve Deep V Neck Casual Basic T Shirt,3,The stretch is amazing the material was too cheap. I purchased a size small,https://www.amazon.com/BORIFLORS-Womens-Short-Sleeve-Casual/dp/B07PZT29XM/ref=sr_1_68?qid=1699192695&s=fashion-womens-intl-ship&sr=1-68
19,Avanova Women's Leopard Printed Ruffle Hem Long Sleeve Mock Neck Blouses Top,4,"I love the color of this shirt. It is loose and flowy, which I prefer. Wearing a plus size, it’s always hot or miss whether clothes ordered online will fit. This was a hit!",https://www.amazon.com/Avanova-Womens-Leopard-Printed-Blouses/dp/B08KG88XXR/ref=sr_1_75?qid=1699192695&s=fashion-womens-intl-ship&sr=1-75
20,Avanova Women's Leopard Printed Ruffle Hem Long Sleeve Mock Neck Blouses Top,5,"Enjoy this blouse pleased wth it size, fit snd comfortability",https://www.amazon.com/Avanova-Womens-Leopard-Printed-Blouses/dp/B08KG88XXR/ref=sr_1_75?qid=1699192695&s=fashion-womens-intl-ship&sr=1-75
21,"Hanes Women's Sport Cool DRI Polo Shirt, Moisture-Wicking Performance Polo Shirt for Women",5,Fit well. Too soon to tell how it will hold up in the wash. Good price compared to other places.,https://www.amazon.com/Hanes-Sport-Womens-Performance-Medium/dp/B01EA2U17A/ref=sr_1_77?qid=1699192695&s=fashion-womens-intl-ship&sr=1-77
22,"Hanes Women's Sport Cool DRI Polo Shirt, Moisture-Wicking Performance Polo Shirt for Women",4,I love this dri-fit polo shirt. It's very comfortable and breathable especially with those hot days working in a warehouse. The only thing I didn't like is that the XL was more like a large. I definitely recommend sizing up! I will definitely order more in a larger size!,https://www.amazon.com/Hanes-Sport-Womens-Performance-Medium/dp/B01EA2U17A/ref=sr_1_77?qid=1699192695&s=fashion-womens-intl-ship&sr=1-77
23,Amilia Women's Basic Solid Cami Spaghetti Double Layer Crop Tank Top,5,"These are so soft, durable and extremely comfortable. I love them",https://www.amazon.com/Amilia-Womens-Basic-Spaghetti-Double/dp/B07CWL7WDL/ref=sr_1_80?qid=1699192695&s=fashion-womens-intl-ship&sr=1-80
24,Amilia Women's Basic Solid Cami Spaghetti Double Layer Crop Tank Top,5,"I love them. Cute under shirts, over long sleeve shirts or on their own. True to size",https://www.amazon.com/Amilia-Womens-Basic-Spaghetti-Double/dp/B07CWL7WDL/ref=sr_1_80?qid=1699192695&s=fashion-womens-intl-ship&sr=1-80
25,Amazon Essentials Women's Long-Sleeve Woven Blouse,4,"Perfect fit true to size, has some shrinkage if you put it in the dryer. But still wearable.",https://www.amazon.com/Amazon-Essentials-Womens-Long-Sleeve-X-Large/dp/B082ZT7RY2/ref=sr_1_82?qid=1699192695&s=fashion-womens-intl-ship&sr=1-82
26,Amazon Essentials Women's Long-Sleeve Woven Blouse,5,Fabric is very comfortable and the pattern is muted and elegant. Not exactly “lightweight “ material but not thick/ heavy. In fact it’s perfect. Covers what it needs to and looks professional. Just what I wanted. At a good price too.,https://www.amazon.com/Amazon-Essentials-Womens-Long-Sleeve-X-Large/dp/B082ZT7RY2/ref=sr_1_82?qid=1699192695&s=fashion-womens-intl-ship&sr=1-82
27,Womens Long Sleeve Off The Shoulder Tops Renaissance Pirate Shirt Gothic Peasant Blouse Summer Smocked Boho Top,5,Fits amazing and easily sit under both my overbust and my underbust corsets.,https://www.amazon.com/Womens-Shoulder-Renaissance-Peasant-Smocked/dp/B07RNWJ3V1/ref=cm_cr_arp_d_product_top?ie=UTF8
28,Womens Long Sleeve Off The Shoulder Tops Renaissance Pirate Shirt Gothic Peasant Blouse Summer Smocked Boho Top,4,"I like this shirt, but I wish I would have just gotten the size I normally would have chosen. I went a size up cause I was recommended but I think my usual size would have been better.",https://www.amazon.com/Womens-Shoulder-Renaissance-Peasant-Smocked/dp/B07RNWJ3V1/ref=cm_cr_arp_d_product_top?ie=UTF8
29,Verdusa Women's Basic Mock Neck Slim Fitted Long Sleeve Pullovers Tee Tops,5,Perfect weight and fit for early fall weather,https://www.amazon.com/Verdusa-Womens-Fitted-Sleeve-Pullovers/dp/B07S624PCF/ref=sr_1_88?qid=1699192695&s=fashion-womens-intl-ship&sr=1-88
30,Verdusa Women's Basic Mock Neck Slim Fitted Long Sleeve Pullovers Tee Tops,1,This was absolutely not how I thought it would be. It was a belly shirt. Came up to my navel. Not even pulling it down would get the proper coverage. For an xxl size top you need to account for a longer torso. This was returned.,https://www.amazon.com/Verdusa-Womens-Fitted-Sleeve-Pullovers/dp/B07S624PCF/ref=sr_1_88?qid=1699192695&s=fashion-womens-intl-ship&sr=1-88
31,Blooming Jelly Women's Button Down Flannel Shirts Plaid Shacket Long Sleeve Collared Business Casual Tops Work Blouses,5,Great quality and love the color! Sized up to layer over other shirts and it was too big so best order your true size. Great shirt though!,https://www.amazon.com/Blooming-Jelly-Collared-Business-Women%EF%BC%88Large/dp/B0999NLD65/ref=sr_1_91?qid=1699192695&s=fashion-womens-intl-ship&sr=1-91
32,Blooming Jelly Women's Button Down Flannel Shirts Plaid Shacket Long Sleeve Collared Business Casual Tops Work Blouses,4,"Made well. Thickness is just right, roomy front pockets. Runs large. Size down if you want a more tailored fit. Did not shrink when laundered.",https://www.amazon.com/Blooming-Jelly-Collared-Business-Women%EF%BC%88Large/dp/B0999NLD65/ref=sr_1_91?qid=1699192695&s=fashion-womens-intl-ship&sr=1-92
33,Oyamiki Womens Casual Cuffed Long Sleeve Boyfriend Button Down Plaid Flannel Shirt Tops,5,This shirt is better than the photo. The fabric hangs nicely. The color is perfect and the sizing is just right. I’m going back to find more.,https://www.amazon.com/Cuffed-Sleeve-Boyfriend-Button-Flannel/dp/B09BVHWC26/ref=sr_1_93?qid=1699192695&s=fashion-womens-intl-ship&sr=1-93
34,Oyamiki Womens Casual Cuffed Long Sleeve Boyfriend Button Down Plaid Flannel Shirt Tops,5,Absolutely love this flannel.. very soft. Sizing is normal. I ordered a medium and fits like a medium normally does on me. It’s not oversized.,https://www.amazon.com/Cuffed-Sleeve-Boyfriend-Button-Flannel/dp/B09BVHWC26/ref=sr_1_93?qid=1699192695&s=fashion-womens-intl-ship&sr=1-93
35,Dokotoo Womens Blouses Fashion 2023 Smocked Long Sleeve V Neck Casual Chiffon Shirts Tops,1,"Love the color, not the fit, construction, or appearance on my frame. There is a lining but only in the front of the top which makes it hang oddly on my frame. Size charge is fairly accurate. Sleeves are cute (balloon) with decent elasticity at the wrists as show in the photo. Returning as not right for me.",https://www.amazon.com/Dokotoo-Fashion-Smocked-Chiffon-Business/dp/B0B3XFWMM7/ref=sr_1_94?qid=1699192695&s=fashion-womens-intl-ship&sr=1-94
36,Dokotoo Womens Blouses Fashion 2023 Smocked Long Sleeve V Neck Casual Chiffon Shirts Tops,1,Fabric awful needs to be returned,https://www.amazon.com/Dokotoo-Fashion-Smocked-Chiffon-Business/dp/B0B3XFWMM7/ref=sr_1_94?qid=1699192695&s=fashion-womens-intl-ship&sr=1-94
37,AEVZIV Sexy Crop Tops for Women Sleeveless Deep V Neck Workout Tops Plunge Ring Cleavage Cropped Tank Top,5,"Holy cow, this is the most flattering going out shirt I've ever had. Super soft and comfortable. My fav top currently.",https://www.amazon.com/AEVZIV-Sleeveless-Workout-Cleavage-Cropped/dp/B096WXJ5T2/ref=sr_1_95?qid=1699192695&s=fashion-womens-intl-ship&sr=1-95
38,AEVZIV Sexy Crop Tops for Women Sleeveless Deep V Neck Workout Tops Plunge Ring Cleavage Cropped Tank Top,4,"Love this top! It has great coverage for the important parts! It is very flattering and shows just the right amount. I ended up ordering a M instead if a S and to be honest, they both fit about the same. Haven’t found too many places to wear it but it always get compliments when I have it on!",https://www.amazon.com/AEVZIV-Sleeveless-Workout-Cleavage-Cropped/dp/B096WXJ5T2/ref=sr_1_95?qid=1699192695&s=fashion-womens-intl-ship&sr=1-95
39,WELINCO Womens Crewneck Pullovers Color Block Long Sleeve Side Split Tunic Tops,5,This is a nice comfy shirt. It is thinner than I expected but appears to be good quality. The color is as expected from the pictures. It fits true to size. I’m a size 12 wearing a large.,https://www.amazon.com/Womens-Sleeve-Loose-Casual-Pullover/dp/B09GK8NSPM/ref=sr_1_96?qid=1699192695&s=fashion-womens-intl-ship&sr=1-96&th=1
40,WELINCO Womens Crewneck Pullovers Color Block Long Sleeve Side Split Tunic Tops,4,Light weight and nice fit. If you want rather loose order one size larger!,https://www.amazon.com/Womens-Sleeve-Loose-Casual-Pullover/dp/B09GK8NSPM/ref=sr_1_96?qid=1699192695&s=fashion-womens-intl-ship&sr=1-96&th=2
41,MIHOLL Women’s Long Sleeve Tops Lace Casual Loose Blouses T Shirts,5,"This is a comfortable and great looking sweater. If you find yourself in between sizes, I would order one size up. I ordered the navy and it is a beautiful color. Comfortable to wear with jeans or dress pants. Nice addition to the wardrobe!",https://www.amazon.com/MIHOLL-Womens-Sleeve-Casual-Blouses/dp/B0823H85GP/ref=sr_1_97?qid=1699192695&s=fashion-womens-intl-ship&sr=1-97
42,MIHOLL Women’s Long Sleeve Tops Lace Casual Loose Blouses T Shirts,5,"This fits great, beautiful flow. Love it! Will be perfect for the holidays. It's lightweight so will not be hot indoors. I plan to wear a long red necklace for Christmas with it. Happy me!!!",https://www.amazon.com/MIHOLL-Womens-Sleeve-Casual-Blouses/dp/B0823H85GP/ref=sr_1_97?qid=1699192695&s=fashion-womens-intl-ship&sr=1-97
43,NIASHOT Womens Long Sleeves Tops V Neck Casual Fall Sweaters Shirts,3,"The knot hit me front and center and was very unflattering, but the size was true to fit and the material was nice.",https://www.amazon.com/Sweaters-Women-Criss-V-Neck-Sleeve/dp/B07X47Z4H9/ref=sr_1_104?qid=1699195813&s=fashion-womens-intl-ship&sr=1-104
44,NIASHOT Womens Long Sleeves Tops V Neck Casual Fall Sweaters Shirts,3,"Cute fitting top, however the images are not an accurate depiction of the material. Fabric looks like a heather sweater material online, but in reality it’s just a solid medium weight fabric. I purchased the khaki color and am debating on whether to keep it or return it.",https://www.amazon.com/Sweaters-Women-Criss-V-Neck-Sleeve/dp/B07X47Z4H9/ref=sr_1_104?qid=1699195813&s=fashion-womens-intl-ship&sr=1-104
45,POPZONE Women's Lettuce Trim Mock Neck Long Sleeve Slim Fit Ribbed Knit Tee Shirt Tops,4,I purchased this to wear under a sweater and it will be perfect for that. It is slightly sheer but I don’t think it is too much or offensive. I love that it is so soft and lightweight. It does not have front or back so a little bunching at front neck. It had a toxic smell when opened but it went away after I washed it.,https://www.amazon.com/POPZONE-Womens-Lettuce-Mockneck-01-Black/dp/B08QRWJ3YB/ref=sr_1_105?qid=1699195813&s=fashion-womens-intl-ship&sr=1-105&th=1
46,POPZONE Women's Lettuce Trim Mock Neck Long Sleeve Slim Fit Ribbed Knit Tee Shirt Tops,4,"This mock neck is great as a layering piece, but it is very thin which makes it more difficult to pull off on its own.",https://www.amazon.com/POPZONE-Womens-Lettuce-Mockneck-01-Black/dp/B08QRWJ3YB/ref=sr_1_105?qid=1699195813&s=fashion-womens-intl-ship&sr=1-105&th=2
47,ZAAYO Women's Bamboo Cotton Linen V Neck Button Down Shirt Long/Roll Up Sleeve Casual Collared Work Blouse Top,1,Very disappointed with the shirt. It is as thin as gauze. The quality is very poor. It will be returned.,https://www.amazon.com/ZAAYO-Womens-Bamboo-Cotton-Collared/dp/B0BXF99GF2/ref=cm_cr_arp_d_product_top?ie=UTF8
48,ZAAYO Women's Bamboo Cotton Linen V Neck Button Down Shirt Long/Roll Up Sleeve Casual Collared Work Blouse Top,1,"The colour is like an indigo blue not a navy blue as per their pic, the shape is not nice either so I have returned it",https://www.amazon.com/ZAAYO-Womens-Bamboo-Cotton-Collared/dp/B0BXF99GF2/ref=cm_cr_arp_d_product_top?ie=UTF9
49,ZAFUL Women's Ribbed Halter Crop Top Criss Cross Ruched Lace-up Cami Bandana Top Cropped Tank Top,1,Its to wide and it doesn't look like its supposed to its a pain to wrap everytime and I it slides off my body. Don't waste you're money.,https://www.amazon.com/ZAFUL-Lace-up-Cropped-Bandana-Stitching/dp/B094D95RBM/ref=sr_1_107?qid=1699195813&s=fashion-womens-intl-ship&sr=1-107
50,ZAFUL Women's Ribbed Halter Crop Top Criss Cross Ruched Lace-up Cami Bandana Top Cropped Tank Top,2,This is very cute and the reviews allude to a flattering fit for all bust. Not the case for me unfortunately. I returned it,https://www.amazon.com/ZAFUL-Lace-up-Cropped-Bandana-Stitching/dp/B094D95RBM/ref=sr_1_107?qid=1699195813&s=fashion-womens-intl-ship&sr=1-107
51,PRETTYGARDEN Women's Lantern Long Sleeve Round Neck High Low Asymmetrical Irregular Hem Casual Tops Blouse Shirt Dress,2,You can tell it’s cheaply made and mine is missing the ruffles… deff disappointed,https://www.amazon.com/PRETTYGARDEN-Lantern-Asymmetrical-Irregular-X-Large/dp/B07FXB4JDK/ref=sr_1_109?qid=1699195813&s=fashion-womens-intl-ship&sr=1-109
52,PRETTYGARDEN Women's Lantern Long Sleeve Round Neck High Low Asymmetrical Irregular Hem Casual Tops Blouse Shirt Dress,2,In the photo is looks like a dark green but it a dark turquoise. And I bought a camel color but it's not it is a beige. Very disappointing,https://www.amazon.com/PRETTYGARDEN-Lantern-Asymmetrical-Irregular-X-Large/dp/B07FXB4JDK/ref=sr_1_109?qid=1699195813&s=fashion-womens-intl-ship&sr=1-110
53,XXTAXN Women's Sexy Bodycon Fitted Square Neck Long Sleeve Basic T-Shirt Crop Top,3,Ordered my usual size (medium) and it was extremely small on me. Definitely size up. I will be returning it,https://www.amazon.com/XXTAXN-Womens-Bodycon-Fitted-T-Shirt/dp/B0815VMCJX/ref=sr_1_110?qid=1699195813&s=fashion-womens-intl-ship&sr=1-110&th=1
54,XXTAXN Women's Sexy Bodycon Fitted Square Neck Long Sleeve Basic T-Shirt Crop Top,3,Cute shirt but literally smell like musty armpit.,https://www.amazon.com/XXTAXN-Womens-Bodycon-Fitted-T-Shirt/dp/B0815VMCJX/ref=sr_1_110?qid=1699195813&s=fashion-womens-intl-ship&sr=1-110&th=2
55,Fall T-Shirt for Women Family Halloween Thanksgiving Tops Cute Autumn Thankful Pumpkin Graphic Tees,4,"The tshirt seems of good quality. I love the design. The only thing is the texture of the print is strange, makes kind of a crinkly noise. It washed well. I like it a lot.",https://www.amazon.com/T-Shirt-Halloween-Thanksgiving-Thankful-Pumpkin/dp/B0C5SMX815/ref=cm_cr_arp_d_product_top?ie=UTF8
56,Fall T-Shirt for Women Family Halloween Thanksgiving Tops Cute Autumn Thankful Pumpkin Graphic Tees,3,"This is a cute & very soft fall shirt; but the Small is NOT small- it's more of a medium. Wish they had an XS. I usually have No problems ordering a small but this is so big on me. I'm 5""2, 120 lbs, a small should have fit me. I'm a little disappointed.",https://www.amazon.com/T-Shirt-Halloween-Thanksgiving-Thankful-Pumpkin/dp/B0C5SMX815/ref=cm_cr_arp_d_product_top?ie=UTF8
57,Pact Women's Organic Cotton Camisole Tank Top with Built-in Shelf Bra,2,"I was disappointed the ""built in shelf bra"" is only an extra layer of cotton around the bust. The coverage is not good and I would not feel comfortable wearing this cami without adding a strapless bra to it.",https://www.amazon.com/Organic-Cotton-Shelf-Camisole-Medium/dp/B00HR0F48Y/ref=sr_1_112?qid=1699195813&s=fashion-womens-intl-ship&sr=1-112
58,Pact Women's Organic Cotton Camisole Tank Top with Built-in Shelf Bra,1,"There is no bra, it is just a cheap tank top. Waste of time.",https://www.amazon.com/Organic-Cotton-Shelf-Camisole-Medium/dp/B00HR0F48Y/ref=sr_1_112?qid=1699195813&s=fashion-womens-intl-ship&sr=1-112
59,MOLERANI Womens Waffle Knit Tunic Tops Loose Long Sleeve Button Up V Neck Henley Shirts,1,The material is see thru it reminds me of men’s long John’s from back in the day. Extremely long. Also came dirty so assuming it was returned already prior.,https://www.amazon.com/MOLERANI-Womens-Sleeve-Button-Shirts/dp/B07X4C3T61/ref=sr_1_113_sspa?qid=1699195813&s=fashion-womens-intl-ship&sr=1-113-spons&sp_csd=d2lkZ2V0TmFtZT1zcF9tdGZfYnJvd3Nl&psc=1
60,MOLERANI Womens Waffle Knit Tunic Tops Loose Long Sleeve Button Up V Neck Henley Shirts,2,Nothing. I'm returning it.,https://www.amazon.com/MOLERANI-Womens-Sleeve-Button-Shirts/dp/B07X4C3T61/ref=sr_1_113_sspa?qid=1699195813&s=fashion-womens-intl-ship&sr=1-113-spons&sp_csd=d2lkZ2V0TmFtZT1zcF9tdGZfYnJvd3Nl&psc=2
61,Eytino Women Plus Size Tops V Neck Long Lantern Sleeve Loose Causal Tunic Blouses Shirts,3,"I liked the material, it had a bit of stretch to it but it is too long for what i like.",https://www.amazon.com/Eytino-Shirts-Lantern-Sleeve-Casual/dp/B0C6F9GN5D/ref=sr_1_114_sspa?qid=1699195813&s=fashion-womens-intl-ship&sr=1-114-spons&sp_csd=d2lkZ2V0TmFtZT1zcF9tdGZfYnJvd3Nl&psc=1
62,Eytino Women Plus Size Tops V Neck Long Lantern Sleeve Loose Causal Tunic Blouses Shirts,5,"Very flattering neckline, comfy and great tummy coverage",https://www.amazon.com/Eytino-Shirts-Lantern-Sleeve-Casual/dp/B0C6F9GN5D/ref=sr_1_114_sspa?qid=1699195813&s=fashion-womens-intl-ship&sr=1-114-spons&sp_csd=d2lkZ2V0TmFtZT1zcF9tdGZfYnJvd3Nl&psc=2
63,Micoson Polo Shirts for Women Long Sleeve Button Down Collared Tops Loose Casual Tunic Blouses,4,This shirt is soft and constructed well. The seaming and darts give this a nice tailored look. It has a slightly relaxed fit and the color is exactly as pictured. This will definitely meet my needs for a business casual day at work.,https://www.amazon.com/Womens-Shirts-Sleeve-Collared-Business/dp/B0C9Q1T3TT/ref=sr_1_116_sspa?qid=1699195813&s=fashion-womens-intl-ship&sr=1-116-spons&sp_csd=d2lkZ2V0TmFtZT1zcF9tdGZfYnJvd3Nl&psc=1
64,Micoson Polo Shirts for Women Long Sleeve Button Down Collared Tops Loose Casual Tunic Blouses,5,It stretches in all the right places and is comfortable. Looks good and is well made.,https://www.amazon.com/Womens-Shirts-Sleeve-Collared-Business/dp/B0C9Q1T3TT/ref=sr_1_116_sspa?qid=1699195813&s=fashion-womens-intl-ship&sr=1-116-spons&sp_csd=d2lkZ2V0TmFtZT1zcF9tdGZfYnJvd3Nl&psc=2
65,HangNiFang Womens Flannel Plaid Shirts Oversized Button Down Shirts Blouse Tops,1,"Poor quality, cheaply made, no return time",https://www.amazon.com/HangNiFang-Oversized-Flannel-Shirts-0368-Khaki-M/dp/B09CN9DDH8/ref=sr_1_117?qid=1699195813&s=fashion-womens-intl-ship&sr=1-117
66,HangNiFang Womens Flannel Plaid Shirts Oversized Button Down Shirts Blouse Tops,4,It’s cute but on the thin side which is great for New Orleans winters. Love the colors,https://www.amazon.com/HangNiFang-Oversized-Flannel-Shirts-0368-Khaki-M/dp/B09CN9DDH8/ref=sr_1_117?qid=1699195813&s=fashion-womens-intl-ship&sr=1-118
67,Astylish Womens V Neck Roll up Sleeve Button Down Blouses Tops,5,That’s great feels good very comfortable,https://www.amazon.com/Astylish-Womens-Sleeve-Button-Blouses/dp/B09V5LNQSC/ref=cm_cr_arp_d_product_top?ie=UTF8
68,Astylish Womens V Neck Roll up Sleeve Button Down Blouses Tops,5,"like it color is great, fits as expected",https://www.amazon.com/Astylish-Womens-Sleeve-Button-Blouses/dp/B09V5LNQSC/ref=cm_cr_arp_d_product_top?ie=UTF8
69,Trendy Queen Women's Sexy Deep V-Neck Backless Tops Short Sleeve Slim Fit T-Shirts Basic Y2K Tops Bustier Corset Cami,3,I kept the shirt because it was really cute and I didn't want to deal with the hassle of returning it but it's disappointing that a $25 doesn't come in perfect condition. Definitely think it should be discounted for damage.,https://www.amazon.com/Trendy-Queen-Backless-T-Shirts-Bustier/dp/B0BRQFHL5Z/ref=sr_1_121?qid=1699195813&s=fashion-womens-intl-ship&sr=1-121
70,Trendy Queen Women's Sexy Deep V-Neck Backless Tops Short Sleeve Slim Fit T-Shirts Basic Y2K Tops Bustier Corset Cami,3,had to return it. got the smallest size & had to return bc my chest was drowning in it,https://www.amazon.com/Trendy-Queen-Backless-T-Shirts-Bustier/dp/B0BRQFHL5Z/ref=sr_1_121?qid=1699195813&s=fashion-womens-intl-ship&sr=1-122
71,Women's Business Casual Tops Summer Long Sleeve Silk Button Down Shirts V Neck Chiffon Blouses,4,The fabric is nice and comfortable. Looks and feels like it’s nice quality. Although the buttons looks cheap. It is slightly big and long so will affect how I tuck it in. Color is just like the photo.,https://www.amazon.com/Womens-Business-Casual-Chiffon-Blouses/dp/B0B2J9DXZR/ref=sr_1_122?qid=1699195813&s=fashion-womens-intl-ship&sr=1-122
72,Women's Business Casual Tops Summer Long Sleeve Silk Button Down Shirts V Neck Chiffon Blouses,1,The fit was very sloppy. Some parts were too small and others too large. Returned,https://www.amazon.com/Womens-Business-Casual-Chiffon-Blouses/dp/B0B2J9DXZR/ref=sr_1_122?qid=1699195813&s=fashion-womens-intl-ship&sr=1-123
73,Women's Short Sleeve Long Sleeve Bodycon Clubwear Sheer Pure Mesh Tops T Shirts,2,The seam from the armpits to the neck is so ugly and ruins the look. had to return for that reason,https://www.amazon.com/Tanbaby-Mangopop-Womens-Clubwear-Black-Scoop/dp/B01MQ6JKAR/ref=sr_1_124?qid=1699195813&s=fashion-womens-intl-ship&sr=1-124
74,Women's Short Sleeve Long Sleeve Bodycon Clubwear Sheer Pure Mesh Tops T Shirts,2,Not see through like the pic. Neck part was really floppy.,https://www.amazon.com/Tanbaby-Mangopop-Womens-Clubwear-Black-Scoop/dp/B01MQ6JKAR/ref=sr_1_124?qid=1699195813&s=fashion-womens-intl-ship&sr=1-125
75,"Womens Sparkly Sequin Mermaid Crop Tops, Strapless Metallic Tube Tops for Party Clubwear",4,"Really cute top but sequins were a little scratchy. Totally expected, lots of compliments! Worn under a saree and was so pretty!",https://www.amazon.com/Fenyong-Sparkling-Sequins-Stretch-Clubwear/dp/B07YDVF5NZ/ref=sr_1_125?qid=1699195813&s=fashion-womens-intl-ship&sr=1-125
76,"Womens Sparkly Sequin Mermaid Crop Tops, Strapless Metallic Tube Tops for Party Clubwear",3,The color is super cute and fun. It fits great and is quite stretchy. It is very itchy and I worry about slipping but its great for a costume.,https://www.amazon.com/Fenyong-Sparkling-Sequins-Stretch-Clubwear/dp/B07YDVF5NZ/ref=sr_1_125?qid=1699195813&s=fashion-womens-intl-ship&sr=1-126
77,Women's Tube Crop Tops Strapless Cute Sexy Cotton Tops,2,Material was cheap and thin and the sewing on the top band wasn’t straight which caused the fit weird. Returning.,https://www.amazon.com/HATOPANTS-Womens-Shapewear-Strapless-Cotton/dp/B07MVMSXKF/ref=sr_1_126?qid=1699195813&s=fashion-womens-intl-ship&sr=1-126
78,Women's Tube Crop Tops Strapless Cute Sexy Cotton Tops,2,"cute shirt - fits rlly well, but came in a totally different colour than what I ordered :/ I got the light pink, what came was more of a peachy orange",https://www.amazon.com/HATOPANTS-Womens-Shapewear-Strapless-Cotton/dp/B07MVMSXKF/ref=sr_1_126?qid=1699195813&s=fashion-womens-intl-ship&sr=1-127
79,SKIKYAN Women Fall Flannel Plaid Shacket Jacket Oversized Button Down Long Shirt Jacket,5,"I love this shacket. The quality was unexpected. Very vey nice. Comfortable, warm and soft. I just ordered 3 more. One for me and the other two for my adult daughters. Highly recommend.",https://www.amazon.com/SKIKYAN-Flannel-Shacket-Oversized-X-Large/dp/B09FJTWVD1/ref=sr_1_127?qid=1699195813&s=fashion-womens-intl-ship&sr=1-127&th=1
80,SKIKYAN Women Fall Flannel Plaid Shacket Jacket Oversized Button Down Long Shirt Jacket,5,I purchased a XL and could use a Large! Love the jacket!!! The smell aired out and Then I washed it! Still worth it!,https://www.amazon.com/SKIKYAN-Flannel-Shacket-Oversized-X-Large/dp/B09FJTWVD1/ref=sr_1_127?qid=1699195813&s=fashion-womens-intl-ship&sr=1-127&th=2
81,Blooming Jelly Women's Waffle Knit Tops Dressy Business Casual Blouses Lace Long Sleeve Work Shirts Fall Clothes,4,I really love this shirt. Fit great. Comfortable. It was not something found in area stores. I got a lot of compliments on it. Would buy again in other colors.,https://www.amazon.com/Blooming-Jelly-Business-Blouses-Elegant/dp/B0C9N1N6D9/ref=sr_1_128?qid=1699195813&s=fashion-womens-intl-ship&sr=1-128
82,Blooming Jelly Women's Waffle Knit Tops Dressy Business Casual Blouses Lace Long Sleeve Work Shirts Fall Clothes,5,"True to size, love the color, material is light weight. Will definitely be buying in more colors",https://www.amazon.com/Blooming-Jelly-Business-Blouses-Elegant/dp/B0C9N1N6D9/ref=sr_1_128?qid=1699195813&s=fashion-womens-intl-ship&sr=1-129
83,HOTGIFT Womens Winter Casual T-Shirts Long Sleeve Crewneck Tunic Tops Loose Comfy Tee Shirt Warm Blouse,1,This top was too long and too big.,https://www.amazon.com/HOTGIFT-Tshirts-Loungewear-Halloween-Beige-White/dp/B0B7DP5Y2C/ref=sr_1_129_sspa?qid=1699195813&s=fashion-womens-intl-ship&sr=1-129-spons&sp_csd=d2lkZ2V0TmFtZT1zcF9tdGZfYnJvd3Nl&psc=1
84,HOTGIFT Womens Winter Casual T-Shirts Long Sleeve Crewneck Tunic Tops Loose Comfy Tee Shirt Warm Blouse,4,Comfortable layer to take on vest or other garment over it. Got several colors.,https://www.amazon.com/HOTGIFT-Tshirts-Loungewear-Halloween-Beige-White/dp/B0B7DP5Y2C/ref=sr_1_129_sspa?qid=1699195813&s=fashion-womens-intl-ship&sr=1-129-spons&sp_csd=d2lkZ2V0TmFtZT1zcF9tdGZfYnJvd3Nl&psc=2
85,Sherosa Womens T Shirts V Neck Short/Long Sleeve Casual Tops Soft Solid Basic Tee,5,The shirt arrived on time. It is a great fit (very comfortable and soft). I’ve washed it twice and it still looks and fits great. I would definitely order again.,https://www.amazon.com/Sherosa-Womens-Relaxed-Blouses-Clothes/dp/B0CFPVVHSY/ref=cm_cr_arp_d_product_top?ie=UTF8
86,Sherosa Womens T Shirts V Neck Short/Long Sleeve Casual Tops Soft Solid Basic Tee,5,"Soft, comfortable fabric. Perfect length. May want to go up a size if you want it looser.",https://www.amazon.com/Sherosa-Womens-Relaxed-Blouses-Clothes/dp/B0CFPVVHSY/ref=cm_cr_arp_d_product_top?ie=UTF9
87,Romanstii Women's Casual V-Neck T-Shirts Loose Puff Long Sleeve Tops Tunic Blouses,2,"Did not like the material. Ordered large. I normally wear a large, sometimes a medium. I could tell when I took it out if the bag, it was too small. Didn’t bother to try it on.",https://www.amazon.com/Romanstii-V-Neck-Casual-Sleeve-Blouse/dp/B09B9NLT3L/ref=cm_cr_arp_d_product_top?ie=UTF8
88,Romanstii Women's Casual V-Neck T-Shirts Loose Puff Long Sleeve Tops Tunic Blouses,2,"When you’re hoping for something cute to wear at work, but you get lackluster fabric… This will no doubt fade and pill.",https://www.amazon.com/Romanstii-V-Neck-Casual-Sleeve-Blouse/dp/B09B9NLT3L/ref=cm_cr_arp_d_product_top?ie=UTF9
89,Beaully Women's Flannel Plaid Shacket Long Sleeve Button Down Shirts Jacket Coats with Side Pockets,1,"Material inside was so itchy. Outside was nice but also the cut was not right on me. It just looked frumpy. And I really wanted to love this but had to return. When it comes to plaid, it really needs to be good quality and a flattering cut to pull off.",https://www.amazon.com/Beaully-Brushed-Flannel-Pocketed-Shacket/dp/B09H4J42QD/ref=sr_1_132_sspa?qid=1699195813&s=fashion-womens-intl-ship&sr=1-132-spons&sp_csd=d2lkZ2V0TmFtZT1zcF9tdGZfYnJvd3Nl&psc=1
90,Beaully Women's Flannel Plaid Shacket Long Sleeve Button Down Shirts Jacket Coats with Side Pockets,1,"The material on the outside was really nice, but the inside was incredibly itchy. The sleeves where short (makes sense as to why the sleeves are rolled up in the pictures). The buttons are sewn and tied off from the front and not from the inside.????? The stitching was awful all over.",https://www.amazon.com/Beaully-Brushed-Flannel-Pocketed-Shacket/dp/B09H4J42QD/ref=sr_1_132_sspa?qid=1699195813&s=fashion-womens-intl-ship&sr=1-132-spons&sp_csd=d2lkZ2V0TmFtZT1zcF9tdGZfYnJvd3Nl&psc=1
91,KINLONSAIR Women’s Long Sleeve Henley T Shirts Button Down Slim Fit Tops Scoop Neck Ribbed Knit Shirts,2,"I’m sending this back. Disappointed in the quality, as the fabric just has a cheap feel. It also fits weird and just is not flattering at all.",https://www.amazon.com/KINLONSAIR-Womens-Sleeve-Henley-Shirts/dp/B0967GKZMQ/ref=sr_1_133?qid=1699195813&s=fashion-womens-intl-ship&sr=1-133
92,KINLONSAIR Women’s Long Sleeve Henley T Shirts Button Down Slim Fit Tops Scoop Neck Ribbed Knit Shirts,2,The material is very thin. I ordered a small in white and navy. The navy that I received should not be called navy. It is way lighter in color. I am 5’4” 130lb 34b and I usually order a size small and it fit nicely.,https://www.amazon.com/KINLONSAIR-Womens-Sleeve-Henley-Shirts/dp/B0967GKZMQ/ref=sr_1_133?qid=1699195813&s=fashion-womens-intl-ship&sr=1-133
93,Omoone Women's Lounge Lapel Button Up Long Sleeve Plaid Long Shirt Jacket Shacket,1,Not a good fit. Smaller than I am and usually 2X fits. Not as long as I hoped it would be. Will return.,https://www.amazon.com/Omoone-Womens-Lounge-Shacket-O1766-Brown-XXL/dp/B08NXH432P/ref=sr_1_134?qid=1699195813&s=fashion-womens-intl-ship&sr=1-134
94,Omoone Women's Lounge Lapel Button Up Long Sleeve Plaid Long Shirt Jacket Shacket,2,"Its heavy with no lining, so it is extremely scratchy. Must wear a long sleeve shirt with it. It had a peculiar smell so I took it to get dry cleaned so that was an extra $16 . I will definitely wear it.",https://www.amazon.com/Omoone-Womens-Lounge-Shacket-O1766-Brown-XXL/dp/B08NXH432P/ref=sr_1_134?qid=1699195813&s=fashion-womens-intl-ship&sr=1-134
95,Kissfix Women's Long Sleeve Shirts Casual Fall Henley Top Button Down Blouses Basic Ribbed Knit T Shirts,1,Quality was terrible. Cheapest shirt I ever ordered. Stitching even looked incomplete. Save your money!,https://www.amazon.com/Kissfix-Sleeve-Shirts-Clothes-Fashion/dp/B09BF644VV/ref=sr_1_136?qid=1699195813&s=fashion-womens-intl-ship&sr=1-136
96,Kissfix Women's Long Sleeve Shirts Casual Fall Henley Top Button Down Blouses Basic Ribbed Knit T Shirts,1,The shirt had a stain/smudge on the front of it. Do not buy.,https://www.amazon.com/Kissfix-Sleeve-Shirts-Clothes-Fashion/dp/B09BF644VV/ref=sr_1_136?qid=1699195813&s=fashion-womens-intl-ship&sr=1-137
97,Naileksi Women Pearl Rhinestone Sheer Mesh Crop Top Sexy See Through Long Sleeve Slim Fit Cropped Blouse Shirt Clubwear,1,Very itchy cute on but literally had to take it off immediately and take a Benadryl,https://www.amazon.com/Naileksi-Rhinestone-Through-Cropped-Clubwear/dp/B0BX9DRDMD/ref=sr_1_137?qid=1699195813&s=fashion-womens-intl-ship&sr=1-137&th=1
98,Naileksi Women Pearl Rhinestone Sheer Mesh Crop Top Sexy See Through Long Sleeve Slim Fit Cropped Blouse Shirt Clubwear,5,"Cute, but didn’t think about how the pearls would look under the shirt you wear over",https://www.amazon.com/Naileksi-Rhinestone-Through-Cropped-Clubwear/dp/B0BX9DRDMD/ref=sr_1_137?qid=1699195813&s=fashion-womens-intl-ship&sr=1-137&th=2
99,Roselux Women V Neck Ribbed Long Sleeve Shirt Fitted Basic Slim Knit Top,3,"I liked everything except that it didn't fit. I'm a small to medium and safely ordered a medium. It is so tight I can't breathe. Nice shirt tho, I suppose I'll regift.",https://www.amazon.com/Roselux-Ribbed-Sleeve-Fitted-Henley/dp/B09DK6545J/ref=sr_1_140?qid=1699195813&s=fashion-womens-intl-ship&sr=1-140
100,Roselux Women V Neck Ribbed Long Sleeve Shirt Fitted Basic Slim Knit Top,4,"I love the bright pick color and the neckline is so flattering. Great material, good shirt for the price",https://www.amazon.com/Roselux-Ribbed-Sleeve-Fitted-Henley/dp/B09DK6545J/ref=sr_1_140?qid=1699195813&s=fashion-womens-intl-ship&sr=1-141
101,WDIRARA Women's Glitter Sheer See Through Short Sleeve Mesh Top Tee Blouse,4,Loved this shirt! Got it for the Eras Tour. Super comfy and lightweight. Loved how it’s sheer so wearing like a sports bra or bandeau is perfect. Versatile id wear it to more concerts bc it can go w a lot of things,https://www.amazon.com/WDIRARA-Womens-Through-Sleeve-Blouse/dp/B09JSLFBPL/ref=sr_1_141?qid=1699195813&s=fashion-womens-intl-ship&sr=1-141
102,WDIRARA Women's Glitter Sheer See Through Short Sleeve Mesh Top Tee Blouse,3,I was so excited for this shirt to come. Unfortunately when it did I was disappointed. Neck line is weird and wrinkly looking. Kind of reminds me of that “half washed” commercial. The shirt is boxy. There is also no way of knowing what is the front and what is the back. I’m overall upset I waisted my money on this.,https://www.amazon.com/WDIRARA-Womens-Through-Sleeve-Blouse/dp/B09JSLFBPL/ref=sr_1_141?qid=1699195813&s=fashion-womens-intl-ship&sr=1-142
103,"Blouses for Women Fashion, Long Sleeve Button Down Shirts Dressy Casual Tops",2,"Not happy with this shirt, it runs extremely felt an small. I’ve been on work travel and just getting home so too late to return",https://www.amazon.com/Blouses-Fashion-Casual-Sleeve-Button/dp/B09WH62SVC/ref=sr_1_142?qid=1699195813&s=fashion-womens-intl-ship&sr=1-142
104,"Blouses for Women Fashion, Long Sleeve Button Down Shirts Dressy Casual Tops",3,"I looked like an 80’s drug dealer when I tried this on. Unless that’s the look you’re going for, I wouldn’t recommend this top.",https://www.amazon.com/Blouses-Fashion-Casual-Sleeve-Button/dp/B09WH62SVC/ref=sr_1_142?qid=1699195813&s=fashion-womens-intl-ship&sr=1-143
105,Legendary Whitetails Women's Lumber Jane Hooded Flannel Shirt,4,Comfy and surprisingly warm. Runs small. Size up especially if you are layering,https://www.amazon.com/Legendary-Whitetails-Womens-Flannel-Falling/dp/B07H4YP27X/ref=sr_1_144?qid=1699195813&s=fashion-womens-intl-ship&sr=1-144
106,Legendary Whitetails Women's Lumber Jane Hooded Flannel Shirt,4,"Very light weight if that is what you are looking for. CUTE, but it's a shirt with a hood that looks good over say a Tee shirt.",https://www.amazon.com/Legendary-Whitetails-Womens-Flannel-Falling/dp/B07H4YP27X/ref=sr_1_144?qid=1699195813&s=fashion-womens-intl-ship&sr=1-145
107,REORIA Women's Summer Sexy Square Neck Sleeveless Bustier Corset Crop Tank Tops,4,I was so excited to wear this! I was just about ready to leave when I realized there was a huge stain across my back. Structured stretchy yet thick material. Sadly I had to return but plan on repurchasing in a darker color,https://www.amazon.com/REORIA-Womens-Sleeveless-Cropped-Bustier/dp/B09R6VCHSS/ref=sr_1_145?qid=1699195813&s=fashion-womens-intl-ship&sr=1-145
108,REORIA Women's Summer Sexy Square Neck Sleeveless Bustier Corset Crop Tank Tops,4,"It’s cute! Not the BEST quality, but you get what you pay for.",https://www.amazon.com/REORIA-Womens-Sleeveless-Cropped-Bustier/dp/B09R6VCHSS/ref=sr_1_145?qid=1699195813&s=fashion-womens-intl-ship&sr=1-145
109,AUTOMET Womens Shackets Waffle Knit Casual Jackets Button Down Flannel Shirts Trendy Tops Fall Clothes 2023 Fashion Outfits,5,This shirt is really just what I wanted. It is soft and comfortable and washes beautifully. It’s a fantastic layering piece that I love to wear over a tee shirt and leggings. I recommend this shirt without reservation. I love it so much that I also purchased it in a second colour.,https://www.amazon.com/AUTOMET-Fashion-Country-Shackets-Corduroy/dp/B0C9SVP5MP/ref=sr_1_146?qid=1699195813&s=fashion-womens-intl-ship&sr=1-146
110,AUTOMET Womens Shackets Waffle Knit Casual Jackets Button Down Flannel Shirts Trendy Tops Fall Clothes 2023 Fashion Outfits,5,Love this shirt. The XL fit and I typically wear a 2X. Great quality and slimming.,https://www.amazon.com/AUTOMET-Fashion-Country-Shackets-Corduroy/dp/B0C9SVP5MP/ref=sr_1_146?qid=1699195813&s=fashion-womens-intl-ship&sr=1-146
111,BAIGRAM Women’s Sleeveless Slim Crop Tank Top Sexy Pleated Bustier Sweetheart Neck Strappy Slits Cropped Vest Cami,3,the sleeves hang off pretty bad !! otherwise its cute,https://www.amazon.com/BAIGRAM-Sleeveless-Pleated-Bustier-Sweetheart/dp/B0C2P4CRMB/ref=sr_1_147?qid=1699195813&s=fashion-womens-intl-ship&sr=1-147
112,BAIGRAM Women’s Sleeveless Slim Crop Tank Top Sexy Pleated Bustier Sweetheart Neck Strappy Slits Cropped Vest Cami,3,Too small and a weird color,https://www.amazon.com/BAIGRAM-Sleeveless-Pleated-Bustier-Sweetheart/dp/B0C2P4CRMB/ref=sr_1_147?qid=1699195813&s=fashion-womens-intl-ship&sr=1-147
113,Langwyqu Womens' Cap Sleeve Casual Loose Fit Basic Shirts Tank Tops,4,"Color is nice and neutral to fit in with my wardrobe. A little long, but then I'm a little short.",https://www.amazon.com/Langwyqu-Womens-Sleeve-T-Shirt-Casual/dp/B08ZXMQS6M/ref=sr_1_149?qid=1699195813&s=fashion-womens-intl-ship&sr=1-149
114,Langwyqu Womens' Cap Sleeve Casual Loose Fit Basic Shirts Tank Tops,2,"The fabric is very thin, see-through and too small. Too bad I was disappointed because I love the graphics.",https://www.amazon.com/Langwyqu-Womens-Sleeve-T-Shirt-Casual/dp/B08ZXMQS6M/ref=sr_1_149?qid=1699195813&s=fashion-womens-intl-ship&sr=1-150
115,GEMBERA Womens Sleeveless Racerback High Neck Casual Basic Cotton Ribbed Fitted Tank Top,3,"The color of the top was way darker than pictured, around the same dark brown, near-black color of coffee grounds. the material was hard, and had a very strong industrial odor.",https://www.amazon.com/GEMBERA-Womens-Sleeveless-Racerback-Casual/dp/B09WQTFS9B/ref=sr_1_150?qid=1699195813&s=fashion-womens-intl-ship&sr=1-150
116,GEMBERA Womens Sleeveless Racerback High Neck Casual Basic Cotton Ribbed Fitted Tank Top,5,"Perfect Tank Top ! Love the high neck and have ordered for myself and my sister. Tons of colors and they are true to fit and size. Great weight, fantastic length -Not the short cut off tanks you see all the time. Not sheer at all - material is wonderful",https://www.amazon.com/GEMBERA-Womens-Sleeveless-Racerback-Casual/dp/B09WQTFS9B/ref=sr_1_150?qid=1699195813&s=fashion-womens-intl-ship&sr=1-151
117,Dokotoo Womens Blouses and Tops Short Sleeve Chiffon Shirts and Tops,3,"Nice color but it really doesn’t sit like it does in the photo. They obviously did some taping and pinning to get it to look like this. Also very short so if you have a shorter torso or bigger chest, this will sit right at the pants line which isn’t as flattering.",https://www.amazon.com/Dokotoo-Blouses-Business-Chiffon-Western/dp/B0BL9J42N2/ref=sr_1_151?qid=1699195813&s=fashion-womens-intl-ship&sr=1-151
118,Dokotoo Womens Blouses and Tops Short Sleeve Chiffon Shirts and Tops,1,"I was so disappointed, this was going to be worn for a wedding, and I received a shirt that looks like material sewn together. Not good quality.",https://www.amazon.com/Dokotoo-Blouses-Business-Chiffon-Western/dp/B0BL9J42N2/ref=sr_1_151?qid=1699195813&s=fashion-womens-intl-ship&sr=1-151
119,MANGOPOP Women's Cross Wrap Plunge Sexy Deep V Neck Long Sleeve Short Sleeve T Shirt Tops Tee Casual for Going Out,1,GROSS!!!!! Returning this tomorrow . I got the shirt and it has been worn! It has crusty patches on the shirt... how sad.,https://www.amazon.com/MANGOPOP-Womens-Ruched-Plunge-Sleeve/dp/B08397V44D/ref=sr_1_152?qid=1699195813&s=fashion-womens-intl-ship&sr=1-152
120,MANGOPOP Women's Cross Wrap Plunge Sexy Deep V Neck Long Sleeve Short Sleeve T Shirt Tops Tee Casual for Going Out,1,"Ugh. Returning - terrible fit - ordered 2 in small - one is huge, the other tiny - I do not recommend this.",https://www.amazon.com/MANGOPOP-Womens-Ruched-Plunge-Sleeve/dp/B08397V44D/ref=sr_1_152?qid=1699195813&s=fashion-womens-intl-ship&sr=1-152
121,Free to Live 3 Pack Dolman Short Sleeve Business Casual Tops for Women Dressy Shirts Fall Travel Tunic to Wear with Leggings,3,Love these shirts I have bought at least 3 sets of them. They are very becoming. But they are also very thin and rip easily. That's why I give then a 3 star rating. Every single shirt just after a few wears got some sort of rip or hole.,https://www.amazon.com/Free-Live-Sleeves-X-Large-Charcoal/dp/B01BI84IGO/ref=sr_1_153?qid=1699195813&s=fashion-womens-intl-ship&sr=1-153
122,Free to Live 3 Pack Dolman Short Sleeve Business Casual Tops for Women Dressy Shirts Fall Travel Tunic to Wear with Leggings,2,These shirts were such a cute fit but the quality is terrible. Started noticing tiny little holes in the fabric after 1 wash! Durability needs a lot of improvement.,https://www.amazon.com/Free-Live-Sleeves-X-Large-Charcoal/dp/B01BI84IGO/ref=sr_1_153?qid=1699195813&s=fashion-womens-intl-ship&sr=1-153
123,SPRING SEAON Women's Button Down Shirts Causal Collared Blouses Work Office Long Sleeve Chiffon Blouse for Ladies,2,Returned it .,https://www.amazon.com/SPRING-SEAON-Collared-Blouses-Chiffon/dp/B09XCCMC97/ref=sr_1_154?qid=1699195813&s=fashion-womens-intl-ship&sr=1-154
124,SPRING SEAON Women's Button Down Shirts Causal Collared Blouses Work Office Long Sleeve Chiffon Blouse for Ladies,4,I ordered one size up and that worked out fine. The material is soft and drapes as I was hoping it would.,https://www.amazon.com/SPRING-SEAON-Collared-Blouses-Chiffon/dp/B09XCCMC97/ref=sr_1_154?qid=1699195813&s=fashion-womens-intl-ship&sr=1-154
125,Artfish Women's Long Sleeve Quarter Zip Crop Tops Fleece Lined V Neck Fitted Sexy Cropped Shirts,5,Hugs right. Love a cute long sleeve crop. I bought them in 4 colors already... and want to double up just to have them spankin new!,https://www.amazon.com/Artfish-Womens-Sleeve-Quarter-Cropped/dp/B086TVVH4S/ref=sr_1_155?qid=1699195813&s=fashion-womens-intl-ship&sr=1-155
126,Artfish Women's Long Sleeve Quarter Zip Crop Tops Fleece Lined V Neck Fitted Sexy Cropped Shirts,3,"It was cute, but the material wasn't stretchy or still. The edges were sticking out. I'm 36D, 135-140 5'3 and a medium was okay but somewhat tight. Returned",https://www.amazon.com/Artfish-Womens-Sleeve-Quarter-Cropped/dp/B086TVVH4S/ref=sr_1_155?qid=1699195813&s=fashion-womens-intl-ship&sr=1-155
127,MANGOPOP Glitter Sheer Mesh Top Women Short Long Sleeve Sexy Shirt See Through Clubwear Tee Slim Blouse,2,It’s okay. It wasn’t itchy or too uncomfortable. It just doesn’t look that good in person.,https://www.amazon.com/MANGOPOP-Glitter-Sleeve-Through-Clubwear/dp/B0788T1KZH/ref=sr_1_156?qid=1699195813&s=fashion-womens-intl-ship&sr=1-156
128,MANGOPOP Glitter Sheer Mesh Top Women Short Long Sleeve Sexy Shirt See Through Clubwear Tee Slim Blouse,4,I like the shirt but I didn’t realize the shirt was glitter stars and the sleeves were long on me. I also thought it was a bodysuit but it’s just a shirt.,https://www.amazon.com/MANGOPOP-Glitter-Sleeve-Through-Clubwear/dp/B0788T1KZH/ref=sr_1_156?qid=1699195813&s=fashion-womens-intl-ship&sr=1-156
129,Ekaliy Women Sexy Short Sleeve Bodycon High Low Asymmetrical Ruffle Tunics Blouse Shirt Top Dress,1,The shirt was balled up and clearly worn previously. This is disgusting and I immediately returned it.,https://www.amazon.com/Ekaliy-Sleeve-Bodycon-Asymmetrical-Ruffle/dp/B09X9ZVB1X/ref=sr_1_152?qid=1699205047&s=fashion-womens-intl-ship&sr=1-152
130,Ekaliy Women Sexy Short Sleeve Bodycon High Low Asymmetrical Ruffle Tunics Blouse Shirt Top Dress,2,I was not pleased with the quality of this top. Looks amazing on the model but cheap in person,https://www.amazon.com/Ekaliy-Sleeve-Bodycon-Asymmetrical-Ruffle/dp/B09X9ZVB1X/ref=sr_1_152?qid=1699205047&s=fashion-womens-intl-ship&sr=1-153
131,OQQ Womens 2 Piece Long Sleeve Tops Crew Neck Stretch Fitted Underscrubs Layer Tee Shirts,3,They were a little tight in the chest...but will work..very thick..,https://www.amazon.com/OQQ-Womens-Sleeve-Stretch-Underscrubs/dp/B0C8J727XL/ref=sr_1_153?qid=1699205047&s=fashion-womens-intl-ship&sr=1-153
132,OQQ Womens 2 Piece Long Sleeve Tops Crew Neck Stretch Fitted Underscrubs Layer Tee Shirts,1,I had hope for these shirts but they rode up. I returned them quickly. When trying it on i consistently had to pull down the shirt. I like their products but this one was not a good fit.,https://www.amazon.com/OQQ-Womens-Sleeve-Stretch-Underscrubs/dp/B0C8J727XL/ref=sr_1_153?qid=1699205047&s=fashion-womens-intl-ship&sr=1-154
133,Blooming Jelly Women's Dressy Casual Tops Business Work Blouses White Button Down Shirts Cap Sleeve V Neck Tshirt,3,I wore this one day with a crossbody bag and it was ruined where the purse rubbed against the fabric.,https://www.amazon.com/Blooming-Jelly-Business-Chiffon-Blouses/dp/B0BRRTHFMH/ref=sr_1_155?qid=1699205047&s=fashion-womens-intl-ship&sr=1-155
134,Blooming Jelly Women's Dressy Casual Tops Business Work Blouses White Button Down Shirts Cap Sleeve V Neck Tshirt,2,very itchy when I wear on it. especially the chest. I can't hold one more second,https://www.amazon.com/Blooming-Jelly-Business-Chiffon-Blouses/dp/B0BRRTHFMH/ref=sr_1_155?qid=1699205047&s=fashion-womens-intl-ship&sr=1-155
135,Lock and Love Women' s Flowy and Comfort Draped Long Sleeve Batwing Dolman top S-3XL Plus Size,3,I bought five of these items. However I am returning them. I really liked the style but the neck is to wide. I feel that I would have to wear a strapless bra. Overall I feel if the scooped neck wasn't as wide the blouses would be perfect.,https://www.amazon.com/WT826-Womens-Batwing-Sleeve-Black/dp/B00TKM2CCI/ref=sr_1_156?qid=1699205047&s=fashion-womens-intl-ship&sr=1-156&th=1
136,Lock and Love Women' s Flowy and Comfort Draped Long Sleeve Batwing Dolman top S-3XL Plus Size,1,Returning. Runs very big. Looks nothing like the photo.,https://www.amazon.com/WT826-Womens-Batwing-Sleeve-Black/dp/B00TKM2CCI/ref=sr_1_156?qid=1699205047&s=fashion-womens-intl-ship&sr=1-156&th=2
137,KEEPBEAUTY Womens Halter Tops Summer Sleeveless Shirts Sexy High Neck Fitted Tops Racer Back Tank Tops Blouses,4,love the fabric and how it fits. true size. bought the white and loved it. went back for the dusty rose kinda colour.,https://www.amazon.com/KEEPBEAUTY-Halter-Tops-Sleeveless-Blouses/dp/B09XDQ3SQM/ref=sr_1_158?qid=1699205047&s=fashion-womens-intl-ship&sr=1-158
138,KEEPBEAUTY Womens Halter Tops Summer Sleeveless Shirts Sexy High Neck Fitted Tops Racer Back Tank Tops Blouses,3,Size up one size also know they charge to return :( The shirt itself is nice and double lined. Just make sure you get the right size.,https://www.amazon.com/KEEPBEAUTY-Halter-Tops-Sleeveless-Blouses/dp/B09XDQ3SQM/ref=sr_1_158?qid=1699205047&s=fashion-womens-intl-ship&sr=1-159
139,Floerns Women's PU Leather V Neck Solid Sleeveless Camisole Crop Tank Top,2,Cheap material and not made for girls with bigger boobs,https://www.amazon.com/Floerns-Womens-Leather-Sleeveless-Camisole/dp/B0BFN63ZX5/ref=sr_1_159?qid=1699205047&s=fashion-womens-intl-ship&sr=1-159
140,Floerns Women's PU Leather V Neck Solid Sleeveless Camisole Crop Tank Top,1,I was very happy at first but wore it once then it started to peel off not good at all when it looked great ...,https://www.amazon.com/Floerns-Womens-Leather-Sleeveless-Camisole/dp/B0BFN63ZX5/ref=sr_1_159?qid=1699205047&s=fashion-womens-intl-ship&sr=1-159
141,VICHYIE Womens Tops V Neck Summer Short Sleeve Casual Slim Fitted Tshirt,4,This top is soft. It has some give. And it hugs the girls without them looking indecent. Overall a nice buy,https://www.amazon.com/VICHYIE-Shirts-Trendy-Sleeves-Blouses/dp/B0B739KKRQ/ref=sr_1_161_sspa?qid=1699205047&s=fashion-womens-intl-ship&sr=1-161-spons&sp_csd=d2lkZ2V0TmFtZT1zcF9tdGZfYnJvd3Nl&psc=1
142,VICHYIE Womens Tops V Neck Summer Short Sleeve Casual Slim Fitted Tshirt,4,The shirt is very comfortable and super cute but it is see-through so make sure you wear a beige color bra or undershirt.,https://www.amazon.com/VICHYIE-Shirts-Trendy-Sleeves-Blouses/dp/B0B739KKRQ/ref=sr_1_161_sspa?qid=1699205047&s=fashion-womens-intl-ship&sr=1-161-spons&sp_csd=d2lkZ2V0TmFtZT1zcF9tdGZfYnJvd3Nl&psc=1
143,Viracy Womens V Neck Lantern Long Sleeve Blouse Hollow Out Casual Shirts Tops,2,This shirt is not something I would ever wear. It's got a thicker wierd fabric and is not flattering like in the picture.,https://www.amazon.com/Viracy-Peasant-Lantern-Chiffon-Pullover/dp/B07WHGXFX9/ref=sr_1_164_sspa?qid=1699205047&s=fashion-womens-intl-ship&sr=1-164-spons&sp_csd=d2lkZ2V0TmFtZT1zcF9tdGZfYnJvd3Nl&psc=1
144,Viracy Womens V Neck Lantern Long Sleeve Blouse Hollow Out Casual Shirts Tops,2,"Didn't fit right, arms too short, the material doesn't look like the photo it is shiny.",https://www.amazon.com/Viracy-Peasant-Lantern-Chiffon-Pullover/dp/B07WHGXFX9/ref=sr_1_164_sspa?qid=1699205047&s=fashion-womens-intl-ship&sr=1-164-spons&sp_csd=d2lkZ2V0TmFtZT1zcF9tdGZfYnJvd3Nl&psc=2
145,MakeMeChic Women's Summer Short Sleeve Tops See Through Mesh Sheer Sexy T Shirt Blouse,3,Was hoping for more oversized look based off photos and reviews as well as more sheer but was slightly disappointed when it was a lot more fitted.,https://www.amazon.com/MakeMeChic-Womens-Summer-Sleeve-Through/dp/B09MK2R9DX/ref=sr_1_165?qid=1699205047&s=fashion-womens-intl-ship&sr=1-165
146,MakeMeChic Women's Summer Short Sleeve Tops See Through Mesh Sheer Sexy T Shirt Blouse,1,"Bought this for a festival. Fabric was stiff and felt really weird, also was HUGE for a medium. I immediately returned.",https://www.amazon.com/MakeMeChic-Womens-Summer-Sleeve-Through/dp/B09MK2R9DX/ref=sr_1_165?qid=1699205047&s=fashion-womens-intl-ship&sr=1-165
147,VICHYIE Women Tank Tops Summer Sleeveless Basic Cami Top Shirt Slim Knit Ribbed Racerback Blouses,4,"Bought multiple colors of these in the past, but the most recent purchase of the dark green color tank had a higher cut underneath the arms which I do not think is flattering. So I returned.",https://www.amazon.com/VICHYIE-Summer-Sleeveless-Racerback-Blouses/dp/B087DYBQ7B/ref=sr_1_166?qid=1699205047&s=fashion-womens-intl-ship&sr=1-166
148,VICHYIE Women Tank Tops Summer Sleeveless Basic Cami Top Shirt Slim Knit Ribbed Racerback Blouses,1,I wore the shirt around the house. I washed it the next day and to my surprise the shirt came out with blotches where the dye has been lightened/removed.,https://www.amazon.com/VICHYIE-Summer-Sleeveless-Racerback-Blouses/dp/B087DYBQ7B/ref=sr_1_166?qid=1699205047&s=fashion-womens-intl-ship&sr=1-167
149,Verdusa Women's Casual Basic Cap Sleeve Slim Fitted Round Neck Crop Tee Top,4,"Bought this for my wife and it was totally see through, I begged her to wear it but she said it was inappropriate.",https://www.amazon.com/Verdusa-Womens-Casual-Sleeve-Fitted/dp/B08YRQ9FK6/ref=sr_1_169?qid=1699205047&s=fashion-womens-intl-ship&sr=1-169&th=1
150,Verdusa Women's Casual Basic Cap Sleeve Slim Fitted Round Neck Crop Tee Top,2,This was too sheer for me I didn’t like the material or the quailty I returned,https://www.amazon.com/Verdusa-Womens-Casual-Sleeve-Fitted/dp/B08YRQ9FK6/ref=sr_1_169?qid=1699205047&s=fashion-womens-intl-ship&sr=1-169&th=2
151,MANGOPOP Glitter Sheer Mesh Top Women Short Long Sleeve Sexy Shirt See Through Clubwear Tee Slim Blouse,3,"The shirt is cute on the hanger, but the shape is not flattering for me at all.",https://www.amazon.com/MANGOPOP-Glitter-Sleeve-Through-Clubwear/dp/B0788T1KZH/ref=sr_1_171?qid=1699205047&s=fashion-womens-intl-ship&sr=1-171
152,MANGOPOP Glitter Sheer Mesh Top Women Short Long Sleeve Sexy Shirt See Through Clubwear Tee Slim Blouse,3,The shirt was too big although according to the chart it should fit. The sleeves are very long.,https://www.amazon.com/MANGOPOP-Glitter-Sleeve-Through-Clubwear/dp/B0788T1KZH/ref=sr_1_171?qid=1699205047&s=fashion-womens-intl-ship&sr=1-171
153,Sherosa Womens T Shirts V-Neck Half Sleeve Loose Fit Shirts Casual Solid Basic Tops,2,I wore it one time and the material balled up and got fuzzy where my chain laid on it.,https://www.amazon.com/Sherosa-Sleeve-Shirts-Trendy-Summer/dp/B0BRBY1GSR/ref=sr_1_178_sspa?qid=1699205047&s=fashion-womens-intl-ship&sr=1-178-spons&sp_csd=d2lkZ2V0TmFtZT1zcF9tdGZfYnJvd3Nl&psc=1
154,Sherosa Womens T Shirts V-Neck Half Sleeve Loose Fit Shirts Casual Solid Basic Tops,4,Loved the quality!,https://www.amazon.com/Sherosa-Sleeve-Shirts-Trendy-Summer/dp/B0BRBY1GSR/ref=sr_1_178_sspa?qid=1699205047&s=fashion-womens-intl-ship&sr=1-178-spons&sp_csd=d2lkZ2V0TmFtZT1zcF9tdGZfYnJvd3Nl&psc=1
155,Beaully Womens Casual Plaid Shackets Brushed Flannel Button Down Shirt Jacket Coats with Side Pockets,4,This is extremely itchy on the inside. So plan on wearing a long sleeve shirt if you buy this otherwise you will itch so bad.,https://www.amazon.com/Womens-Brushed-Flannel-Pocketed-Shackets/dp/B09NRJ9ZDJ/ref=sr_1_179_sspa?qid=1699205047&s=fashion-womens-intl-ship&sr=1-179-spons&sp_csd=d2lkZ2V0TmFtZT1zcF9tdGZfYnJvd3Nl&psc=1
156,Beaully Womens Casual Plaid Shackets Brushed Flannel Button Down Shirt Jacket Coats with Side Pockets,2,Material is scratchy and uncomfortable. Also shorter than expected.,https://www.amazon.com/Womens-Brushed-Flannel-Pocketed-Shackets/dp/B09NRJ9ZDJ/ref=sr_1_179_sspa?qid=1699205047&s=fashion-womens-intl-ship&sr=1-179-spons&sp_csd=d2lkZ2V0TmFtZT1zcF9tdGZfYnJvd3Nl&psc=1
157,lime flare Dressy Lace Trim Blouse Tops Popular Short Sleeve Shirt,1,"This shirt came apart at the seam by the tag the first time I wore it. It is outside my return window. If it didn't hold up, I feel I should be allowed to return it. Very disappointed.",https://www.amazon.com/lime-flare-T-Shirt-Dressy-Eyelash/dp/B087PJ8ZGS/ref=sr_1_181?qid=1699205047&s=fashion-womens-intl-ship&sr=1-181
158,lime flare Dressy Lace Trim Blouse Tops Popular Short Sleeve Shirt,1,The quality of Amazon clothing has drastically declined. This shirt ran very small and was a thin material. Returned due to low quality and too small.,https://www.amazon.com/lime-flare-T-Shirt-Dressy-Eyelash/dp/B087PJ8ZGS/ref=sr_1_181?qid=1699205047&s=fashion-womens-intl-ship&sr=1-182
159,Women Vintage Rock Band T Shirt Fashion Rock Music Graphic Tees Shirt Summer Short Sleeve Casual Tees for Rock Lovers,1,Disappointed for what I paid & thought the quality of the graphics would be better it’s a cheap iron on feel after I wash the graphics will start.coming,https://www.amazon.com/Vintage-Fashion-Graphic-Freddie-Mercury/dp/B082XVHN15/ref=sr_1_183?qid=1699205047&s=fashion-womens-intl-ship&sr=1-183&th=1
160,Women Vintage Rock Band T Shirt Fashion Rock Music Graphic Tees Shirt Summer Short Sleeve Casual Tees for Rock Lovers,2,I dislike the style. The gold was gaudy and flecking off. It was not sewn correctly either. It was a no for me and I retuned it.,https://www.amazon.com/Vintage-Fashion-Graphic-Freddie-Mercury/dp/B082XVHN15/ref=sr_1_183?qid=1699205047&s=fashion-womens-intl-ship&sr=1-183&th=2
161,"Hanes Women's Raglan Sleeve Tee, Women’s Stretch Cotton Tee, Women’s Crewneck Tee",5,"I like everything about this jersey! An excellent price. It is ""true to size"" and fits very well. I like the 3/4 sleeve, and the boat neck is a nice touch. I'm going to buy another one in a different color. An all-around great casual top.",https://www.amazon.com/Hanes-Womens-Stretch-Cotton-Raglan/dp/B01MTZWMTB/ref=sr_1_185?qid=1699205047&s=fashion-womens-intl-ship&sr=1-185
162,"Hanes Women's Raglan Sleeve Tee, Women’s Stretch Cotton Tee, Women’s Crewneck Tee",4,"Okay quality only, so made it a bit pricey!",https://www.amazon.com/Hanes-Womens-Stretch-Cotton-Raglan/dp/B01MTZWMTB/ref=sr_1_185?qid=1699205047&s=fashion-womens-intl-ship&sr=1-185
163,"Amazon Essentials Women's Slim-Fit Thin Strap Tank, Pack of 2",2,"Neckline not properly stabilized, stretches too much",https://www.amazon.com/Amazon-Essentials-Womens-Standard-2-Pack/dp/B07XQBSYYD/ref=sr_1_187?qid=1699205047&s=fashion-womens-intl-ship&sr=1-187
164,"Amazon Essentials Women's Slim-Fit Thin Strap Tank, Pack of 3",2,"The fit and quality is good (haven’t washed yet). But the beige is pink! And I needed beige. I don’t feel like dealing with the return, but definitely didn’t need 3 pink tanks. Very annoying.",https://www.amazon.com/Amazon-Essentials-Womens-Standard-2-Pack/dp/B07XQBSYYD/ref=sr_1_187?qid=1699205047&s=fashion-womens-intl-ship&sr=1-188
165,Herou Women's Casual Long Sleeve T Shirt Crewneck with Side Split Fall Pullover Loose Tunic Sweater Tops,3,The material is what I didn’t like. It literally grabs everything and everything. Once you wash? The material looks old and outworn.,https://www.amazon.com/Herou-Womens-Casual-Pullover-Medium/dp/B07W45XY65/ref=sr_1_190?qid=1699205047&s=fashion-womens-intl-ship&sr=1-190
166,Herou Women's Casual Long Sleeve T Shirt Crewneck with Side Split Fall Pullover Loose Tunic Sweater Tops,3,Love the shirt but it’s a little bit on the snug side and material makes me itch all day.,https://www.amazon.com/Herou-Womens-Casual-Pullover-Medium/dp/B07W45XY65/ref=sr_1_190?qid=1699205047&s=fashion-womens-intl-ship&sr=1-190
167,Artfish Women Casual Basic Sleeveless High Neck Rib-Knit Y2k Crop Tank Top,3,The material was too thin and it was see through so I had to return it. Very soft material though,https://www.amazon.com/Artfish-Casual-Sleeveless-Rib-Knit-Racerback/dp/B08M8Z7H71/ref=sr_1_191?qid=1699205047&s=fashion-womens-intl-ship&sr=1-191
168,Artfish Women Casual Basic Sleeveless High Neck Rib-Knit Y2k Crop Tank Top,2,It’s over priced for the quality. It’s polyester & cotton. No spandex as it states. Not worth buying.,https://www.amazon.com/Artfish-Casual-Sleeveless-Rib-Knit-Racerback/dp/B08M8Z7H71/ref=sr_1_191?qid=1699205047&s=fashion-womens-intl-ship&sr=1-191
169,Elesomo Women Shirts V Neck Short/Long Sleeve Cotton Tops T-Shirt Basic Tees,1,Don’t waste your money on the shirt. It is absolutely terribly cheap stiff no style absolutely not flattering.,https://www.amazon.com/Elesomo-Tshirts-Sleeve-Summer-Cotton/dp/B0BG598DD1/ref=sr_1_193?qid=1699205047&s=fashion-womens-intl-ship&sr=1-193
170,Elesomo Women Shirts V Neck Short/Long Sleeve Cotton Tops T-Shirt Basic Tees,1,"The material looks cheap, faded, short length too . Nothing like innthe pic . Buyer be aware",https://www.amazon.com/Elesomo-Tshirts-Sleeve-Summer-Cotton/dp/B0BG598DD1/ref=sr_1_193?qid=1699205047&s=fashion-womens-intl-ship&sr=1-194
171,Zeagoo Womens Flannel Shirts Long/Roll Up Sleeve Collared Button Down Plaid Shirt Casual Work Tops ,5,Very nice material plus love wine color. Flannel is so soft.,https://www.amazon.com/Zeagoo-Womens-Sleeve-Boyfriend-Flannel/dp/B073WWFGNS/ref=sr_1_196?qid=1699205047&s=fashion-womens-intl-ship&sr=1-196
172,Zeagoo Womens Flannel Shirts Long/Roll Up Sleeve Collared Button Down Plaid Shirt Casual Work Tops ,1,I bought this blouse because it stated that it was cotton - even the inside tag says it’s cotton. It’s not. It’s polyester. I returned it.,https://www.amazon.com/Zeagoo-Womens-Sleeve-Boyfriend-Flannel/dp/B073WWFGNS/ref=sr_1_196?qid=1699205047&s=fashion-womens-intl-ship&sr=1-197
173,Amoretu Womens Tshirts V Neck Short/Long Sleeve Tops Tee Solid Color Blouse,3,The shirt is a pure white and a silky material. It is also see through. It seems to be good quality but it isn’t what an am looking for so I will be returning.,https://www.amazon.com/Amoretu-Womens-Shirts-Casual-Sleeve/dp/B07KYGJFNY/ref=sr_1_197?qid=1699205047&s=fashion-womens-intl-ship&sr=1-197
174,Amoretu Womens Tshirts V Neck Short/Long Sleeve Tops Tee Solid Color Blouse,2,I'm so disappointed because this item came with a run in the thread right on the chest. It's very unfortunate to wait for an item in anticipation of a nice new shirt only to receive a defective one that I now have to go through the trouble of returning.,https://www.amazon.com/Amoretu-Womens-Shirts-Casual-Sleeve/dp/B07KYGJFNY/ref=sr_1_197?qid=1699205047&s=fashion-womens-intl-ship&sr=1-198
175,Langwyqu Womens' Cap Sleeve Casual Loose Fit Basic Shirts Tank Tops,3,"Disappointed when I got the shirt. I mean it's a shirt, but the cut and fit look much cuter online than in person. The sleeves are just straight blocks and look sad, while the v cut doesn't seem as pronounced",https://www.amazon.com/Langwyqu-Womens-Sleeve-T-Shirt-Casual/dp/B08ZXMQS6M/ref=sr_1_196_sspa?qid=1699206907&s=fashion-womens-intl-ship&sr=1-196-spons&sp_csd=d2lkZ2V0TmFtZT1zcF9hdGZfYnJvd3Nl&psc=1
176,Langwyqu Womens' Cap Sleeve Casual Loose Fit Basic Shirts Tank Tops,2,"The fabric is very thin, see-through and too small. Too bad I was disappointed because I love the graphics.",https://www.amazon.com/Langwyqu-Womens-Sleeve-T-Shirt-Casual/dp/B08ZXMQS6M/ref=sr_1_196_sspa?qid=1699206907&s=fashion-womens-intl-ship&sr=1-196-spons&sp_csd=d2lkZ2V0TmFtZT1zcF9hdGZfYnJvd3Nl&psc=2
177,SOLY HUX Women's Summer Halter Tops Keyhole Polka Dots Blouses Striped Tank Top Casual Sleeveless Shirts,1,I love the design of this top yet it’s almost too short to tuck in and too long to just hang. It’s still in my closet. I probably should’ve returned it.,https://www.amazon.com/SOLY-HUX-Keyhole-Blouses-Sleeveless/dp/B0BWYBZPV8/ref=sr_1_197?qid=1699206907&s=fashion-womens-intl-ship&sr=1-197
178,SOLY HUX Women's Summer Halter Tops Keyhole Polka Dots Blouses Striped Tank Top Casual Sleeveless Shirts,3,This top was smaller. I ordered an xl but around my mid section i just needed it to be slightly bigger. Overall it is beautiful and flattering.,https://www.amazon.com/SOLY-HUX-Keyhole-Blouses-Sleeveless/dp/B0BWYBZPV8/ref=sr_1_197?qid=1699206907&s=fashion-womens-intl-ship&sr=1-198
179,Peaceglad Women's Lounge Lapel Button Up Long Sleeve Plaid Long Shirt Jacket Shacket,5,"This is a lovely jacket. The colors are beautiful. I have wide hips, so putting items in the pockets do make me look wider, but this jacket still looks good on. It keeps me warm and elevate my outfits. One negative is it give off lint on certain materials, but this is still my favorite thing to wear.",https://www.amazon.com/Peaceglad-Womens-Lounge-Button-Shacket/dp/B09BJ9FZBH/ref=sr_1_198?qid=1699206907&s=fashion-womens-intl-ship&sr=1-198
180,Peaceglad Women's Lounge Lapel Button Up Long Sleeve Plaid Long Shirt Jacket Shacket,5,"I loved the cut, style and color!",https://www.amazon.com/Peaceglad-Womens-Lounge-Button-Shacket/dp/B09BJ9FZBH/ref=sr_1_198?qid=1699206907&s=fashion-womens-intl-ship&sr=1-199
181,Tanming Womens Flannel Plaid Shacket Wool Blend Button Down Shirt Fall Fashion Jacket,3,This was a very cute top but the pockets ripped basically immediately and it irritates my neck very badly with the scratchy fabric.,https://www.amazon.com/Tanming-Brushed-Flannel-Pocketed-Coats%EF%BC%88Khaki-M%EF%BC%89/dp/B08JGCKG3T/ref=sr_1_199?qid=1699206907&s=fashion-womens-intl-ship&sr=1-199
182,Tanming Womens Flannel Plaid Shacket Wool Blend Button Down Shirt Fall Fashion Jacket,3,Fit was not as expected. Sleeves were bulky and all around the shacket was super itchy!,https://www.amazon.com/Tanming-Brushed-Flannel-Pocketed-Coats%EF%BC%88Khaki-M%EF%BC%89/dp/B08JGCKG3T/ref=sr_1_199?qid=1699206907&s=fashion-womens-intl-ship&sr=1-200
183,Halife Women's Long Sleeve Boat Neck Off Shoulder Blouse Tops,2,Color is pretty but material is thin and cheap. Returned it. Not worth the money,https://www.amazon.com/Shoulder-Black-Blouses-Sleeve-Casual/dp/B07FCCGQC9/ref=sr_1_201?qid=1699206907&s=fashion-womens-intl-ship&sr=1-201
184,Halife Women's Long Sleeve Boat Neck Off Shoulder Blouse Tops,5,I love this color blue and it’s so comfortable!,https://www.amazon.com/Shoulder-Black-Blouses-Sleeve-Casual/dp/B07FCCGQC9/ref=sr_1_201?qid=1699206907&s=fashion-womens-intl-ship&sr=1-201
185,MIRACMODA Woman Off Shoulder Ruched Tie Back Crop Top Summer Lantern Sleeve Boho Shirt Blouse,1,The material was so thin and was not worth the price.,https://www.amazon.com/MIRACMODA-Shoulder-Ruched-Lantern-Sleeve/dp/B09D9FYHKY/ref=sr_1_193?qid=1699206907&s=fashion-womens-intl-ship&sr=1-193
186,MIRACMODA Woman Off Shoulder Ruched Tie Back Crop Top Summer Lantern Sleeve Boho Shirt Blouse,1,Worst material ever. Too small. Meant for people with small bust only…,https://www.amazon.com/MIRACMODA-Shoulder-Ruched-Lantern-Sleeve/dp/B09D9FYHKY/ref=sr_1_193?qid=1699206907&s=fashion-womens-intl-ship&sr=1-194
187,WIHOLL Long Sleeve Shirts for Women Tops Tunic Fall Trendy Crew Neck Clothes,2,Fit was slim in body and Sleeves a bit long. Slight odor to fabric. Will be returning,https://www.amazon.com/WIHOLL-Sleeve-Shirts-Fashion-Caramel/dp/B0C7GPVLNT/ref=sr_1_197?qid=1699206907&s=fashion-womens-intl-ship&sr=1-197
188,WIHOLL Long Sleeve Shirts for Women Tops Tunic Fall Trendy Crew Neck Clothes,2,"I wanted to love this shirt. The sleeves were so cute, it was comfortable and for true to size. The length was just too long. I ended up returning for this reason.",https://www.amazon.com/WIHOLL-Sleeve-Shirts-Fashion-Caramel/dp/B0C7GPVLNT/ref=sr_1_197?qid=1699206907&s=fashion-womens-intl-ship&sr=1-197
189,AEPEBO Sexy Crop Tops for Women Deep V Neck Back Cutout Sleeveless Plunge Racerback Tank Cropped Top,1,Fits more like a sports bra and it looks nothing like the picture at all and the material is cheap,https://www.amazon.com/AEPEBO-Womens-Cutout-Sleeveless-Racerback/dp/B07YJXFSND/ref=sr_1_198?qid=1699206907&s=fashion-womens-intl-ship&sr=1-198
190,AEPEBO Sexy Crop Tops for Women Deep V Neck Back Cutout Sleeveless Plunge Racerback Tank Cropped Top,3,Love the top but do wish it had some padding or some additional material to prevent it from being transparent. The fit is perfect,https://www.amazon.com/AEPEBO-Womens-Cutout-Sleeveless-Racerback/dp/B07YJXFSND/ref=sr_1_198?qid=1699206907&s=fashion-womens-intl-ship&sr=1-198
191,Womens Summer Sexy Short Sleeve Tshirt Tops Deep V Neck Shirts Casual Slim Fit Basic T-Shirt Tee,3,Shirt is paper thin and see thru. Way to tight even when I upsized,https://www.amazon.com/Womens-Casual-Sleeve-Tshirt-T-Shirt/dp/B0B6PCZTYP/ref=sr_1_199_sspa?qid=1699206907&s=fashion-womens-intl-ship&sr=1-199-spons&sp_csd=d2lkZ2V0TmFtZT1zcF9tdGZfYnJvd3Nl&psc=1
192,Womens Summer Sexy Short Sleeve Tshirt Tops Deep V Neck Shirts Casual Slim Fit Basic T-Shirt Tee,3,Cute shirt but the quality is poor.,https://www.amazon.com/Womens-Casual-Sleeve-Tshirt-T-Shirt/dp/B0B6PCZTYP/ref=sr_1_199_sspa?qid=1699206907&s=fashion-womens-intl-ship&sr=1-199-spons&sp_csd=d2lkZ2V0TmFtZT1zcF9tdGZfYnJvd3Nl&psc=1
193,Cut Out Cold Shoulder T-Shirt Women Lacerated Sleeve Shirt Hollow Out Square Collar Casual Blouse Summer Rock Tee Tops,1,Top cut out material was too flimsy for the effect and did not look good.So I returned this item.,https://www.amazon.com/Shoulder-T-Shirt-Lacerated-Sleeve-Hollow/dp/B0C1SB5X3L/ref=sr_1_204?qid=1699206907&s=fashion-womens-intl-ship&sr=1-204
194,Cut Out Cold Shoulder T-Shirt Women Lacerated Sleeve Shirt Hollow Out Square Collar Casual Blouse Summer Rock Tee Tops,3,The shirt is cute. But it almost looks like a maternity top the way it fits with the sides scrunched up.,https://www.amazon.com/Shoulder-T-Shirt-Lacerated-Sleeve-Hollow/dp/B0C1SB5X3L/ref=sr_1_204?qid=1699206907&s=fashion-womens-intl-ship&sr=1-205
195,PUMIEY Women's Short Sleeve Crop Tops Crew Neck T Shirt Sexy Tee Smoke Cloud Collection,2,"I love the fit and feel of the shirt, but it came with a hole in one of the seems on the side. It’s not too noticeable, just frustrating.",https://www.amazon.com/PUMIEY-Women-Short-Sleeve-Shirt/dp/B0C2CDZGNN/ref=sr_1_206?qid=1699206907&s=fashion-womens-intl-ship&sr=1-206
196,PUMIEY Women's Short Sleeve Crop Tops Crew Neck T Shirt Sexy Tee Smoke Cloud Collection,3,"I'm usually a true M and this shirt was way too small on me. You can see every outline under the shirt. If you purchase, size up at least 1 size. I am returning.",https://www.amazon.com/PUMIEY-Women-Short-Sleeve-Shirt/dp/B0C2CDZGNN/ref=sr_1_206?qid=1699206907&s=fashion-womens-intl-ship&sr=1-206
197,PRETTYGARDEN Women's 2023 Fall Clothes Plaid Shacket Jacket Long Sleeve Button Down Flannel Shirts Fashion Blouse,2,"I am surprised at any positive reviews because this “jacket” is cheap, smell moldy, is thin and ichy. It is not layerable and isnt worth any money. I have so many nicer clothes and this is definitely going to be returned.",https://www.amazon.com/PRETTYGARDEN-Flannel-Boyfriend-Shacket-C_Plaid/dp/B09GM5TX9Y/ref=sr_1_208?qid=1699206907&s=fashion-womens-intl-ship&sr=1-208
198,PRETTYGARDEN Women's 2023 Fall Clothes Plaid Shacket Jacket Long Sleeve Button Down Flannel Shirts Fashion Blouse,1,"Color not as vibrant as shown… I got black and white plaid. I didn’t like the itchy, stiff material, looked cheap and I returned it",https://www.amazon.com/PRETTYGARDEN-Flannel-Boyfriend-Shacket-C_Plaid/dp/B09GM5TX9Y/ref=sr_1_208?qid=1699206907&s=fashion-womens-intl-ship&sr=1-209
199,Women Halter Backless Camis Streetwear Club Patchwork Camisole,1,This product came with one strap detached from the whole thing. Very disappointed.,https://www.amazon.com/malianna-Backless-Streetwear-Patchwork-Camisole/dp/B07YG1CF8K/ref=sr_1_211?qid=1699206907&s=fashion-womens-intl-ship&sr=1-211
200,Women Halter Backless Camis Streetwear Club Patchwork Camisole,2,"Wish I tried it as soon as I got it, so I could retutn it... Very funky structure that make my chest very flat...love the fabric, tho!",https://www.amazon.com/malianna-Backless-Streetwear-Patchwork-Camisole/dp/B07YG1CF8K/ref=sr_1_211?qid=1699206907&s=fashion-womens-intl-ship&sr=1-212
